Customer-ID,ISBN,Book-Rating,Location,Age,Book-Title,Book-Author,Year-Of-Publication,Publisher,Image-URL-S,Image-URL-M,Image-URL-L
276725,034545104X,0,"tyler, texas, usa",,Flesh Tones: A Novel,M. J. Rose,2002,Ballantine Books,http://images.amazon.com/images/P/034545104X.01.THUMBZZZ.jpg,http://images.amazon.com/images/P/034545104X.01.MZZZZZZZ.jpg,http://images.amazon.com/images/P/034545104X.01.LZZZZZZZ.jpg
2313,034545104X,5,"cincinnati, ohio, usa",23.0,Flesh Tones: A Novel,M. J. Rose,2002,Ballantine Books,http://images.amazon.com/images/P/034545104X.01.THUMBZZZ.jpg,http://images.amazon.com/images/P/034545104X.01.MZZZZZZZ.jpg,http://images.amazon.com/images/P/034545104X.01.LZZZZZZZ.jpg
6543,034545104X,0,"strafford, missouri, usa",34.0,Flesh Tones: A Novel,M. J. Rose,2002,Ballantine Books,http://images.amazon.com/images/P/034545104X.01.THUMBZZZ.jpg,http://images.amazon.com/images/P/034545104X.01.MZZZZZZZ.jpg,http://images.amazon.com/images/P/034545104X.01.LZZZZZZZ.jpg
8680,034545104X,5,"st. charles county, missouri, usa",2.0,Flesh Tones: A Novel,M. J. Rose,2002,Ballantine Books,http://images.amazon.com/images/P/034545104X.01.THUMBZZZ.jpg,http://images.amazon.com/images/P/034545104X.01.MZZZZZZZ.jpg,http://images.amazon.com/images/P/034545104X.01.LZZZZZZZ.jpg
10314,034545104X,9,"beaverton, oregon, usa",,Flesh Tones: A Novel,M. J. Rose,2002,Ballantine Books,http://images.amazon.com/images/P/034545104X.01.THUMBZZZ.jpg,http://images.amazon.com/images/P/034545104X.01.MZZZZZZZ.jpg,http://images.amazon.com/images/P/034545104X.01.LZZZZZZZ.jpg
23768,034545104X,0,"st. louis, missouri, usa",45.0,Flesh Tones: A Novel,M. J. Rose,2002,Ballantine Books,http://images.amazon.com/images/P/034545104X.01.THUMBZZZ.jpg,http://images.amazon.com/images/P/034545104X.01.MZZZZZZZ.jpg,http://images.amazon.com/images/P/034545104X.01.LZZZZZZZ.jpg
28266,034545104X,0,"portland, oregon, usa",,Flesh Tones: A Novel,M. J. Rose,2002,Ballantine Books,http://images.amazon.com/images/P/034545104X.01.THUMBZZZ.jpg,http://images.amazon.com/images/P/034545104X.01.MZZZZZZZ.jpg,http://images.amazon.com/images/P/034545104X.01.LZZZZZZZ.jpg
28523,034545104X,0,"springfield, missouri, usa",24.0,Flesh Tones: A Novel,M. J. Rose,2002,Ballantine Books,http://images.amazon.com/images/P/034545104X.01.THUMBZZZ.jpg,http://images.amazon.com/images/P/034545104X.01.MZZZZZZZ.jpg,http://images.amazon.com/images/P/034545104X.01.LZZZZZZZ.jpg
39002,034545104X,0,"san jose, ,",,Flesh Tones: A Novel,M. J. Rose,2002,Ballantine Books,http://images.amazon.com/images/P/034545104X.01.THUMBZZZ.jpg,http://images.amazon.com/images/P/034545104X.01.MZZZZZZZ.jpg,http://images.amazon.com/images/P/034545104X.01.LZZZZZZZ.jpg
50403,034545104X,9,"conway, arkansas, usa",,Flesh Tones: A Novel,M. J. Rose,2002,Ballantine Books,http://images.amazon.com/images/P/034545104X.01.THUMBZZZ.jpg,http://images.amazon.com/images/P/034545104X.01.MZZZZZZZ.jpg,http://images.amazon.com/images/P/034545104X.01.LZZZZZZZ.jpg
56157,034545104X,0,"florissant, missouri, usa",36.0,Flesh Tones: A Novel,M. J. Rose,2002,Ballantine Books,http://images.amazon.com/images/P/034545104X.01.THUMBZZZ.jpg,http://images.amazon.com/images/P/034545104X.01.MZZZZZZZ.jpg,http://images.amazon.com/images/P/034545104X.01.LZZZZZZZ.jpg
59102,034545104X,0,"plantation, florida, usa",35.0,Flesh Tones: A Novel,M. J. Rose,2002,Ballantine Books,http://images.amazon.com/images/P/034545104X.01.THUMBZZZ.jpg,http://images.amazon.com/images/P/034545104X.01.MZZZZZZZ.jpg,http://images.amazon.com/images/P/034545104X.01.LZZZZZZZ.jpg
59287,034545104X,0,"tyler, texas, usa",,Flesh Tones: A Novel,M. J. Rose,2002,Ballantine Books,http://images.amazon.com/images/P/034545104X.01.THUMBZZZ.jpg,http://images.amazon.com/images/P/034545104X.01.MZZZZZZZ.jpg,http://images.amazon.com/images/P/034545104X.01.LZZZZZZZ.jpg
63970,034545104X,8,"springfield, missouri, usa",,Flesh Tones: A Novel,M. J. Rose,2002,Ballantine Books,http://images.amazon.com/images/P/034545104X.01.THUMBZZZ.jpg,http://images.amazon.com/images/P/034545104X.01.MZZZZZZZ.jpg,http://images.amazon.com/images/P/034545104X.01.LZZZZZZZ.jpg
77480,034545104X,8,"gig harbor, washington, usa",51.0,Flesh Tones: A Novel,M. J. Rose,2002,Ballantine Books,http://images.amazon.com/images/P/034545104X.01.THUMBZZZ.jpg,http://images.amazon.com/images/P/034545104X.01.MZZZZZZZ.jpg,http://images.amazon.com/images/P/034545104X.01.LZZZZZZZ.jpg
77940,034545104X,0,"melaka, melaka, malaysia",,Flesh Tones: A Novel,M. J. Rose,2002,Ballantine Books,http://images.amazon.com/images/P/034545104X.01.THUMBZZZ.jpg,http://images.amazon.com/images/P/034545104X.01.MZZZZZZZ.jpg,http://images.amazon.com/images/P/034545104X.01.LZZZZZZZ.jpg
81977,034545104X,0,"minneapolis, minnesota, usa",34.0,Flesh Tones: A Novel,M. J. Rose,2002,Ballantine Books,http://images.amazon.com/images/P/034545104X.01.THUMBZZZ.jpg,http://images.amazon.com/images/P/034545104X.01.MZZZZZZZ.jpg,http://images.amazon.com/images/P/034545104X.01.LZZZZZZZ.jpg
94362,034545104X,5,"northridge, california, usa",39.0,Flesh Tones: A Novel,M. J. Rose,2002,Ballantine Books,http://images.amazon.com/images/P/034545104X.01.THUMBZZZ.jpg,http://images.amazon.com/images/P/034545104X.01.MZZZZZZZ.jpg,http://images.amazon.com/images/P/034545104X.01.LZZZZZZZ.jpg
98391,034545104X,9,"morrow, georgia, usa",52.0,Flesh Tones: A Novel,M. J. Rose,2002,Ballantine Books,http://images.amazon.com/images/P/034545104X.01.THUMBZZZ.jpg,http://images.amazon.com/images/P/034545104X.01.MZZZZZZZ.jpg,http://images.amazon.com/images/P/034545104X.01.LZZZZZZZ.jpg
112199,034545104X,6,"union, kentucky, usa",72.0,Flesh Tones: A Novel,M. J. Rose,2002,Ballantine Books,http://images.amazon.com/images/P/034545104X.01.THUMBZZZ.jpg,http://images.amazon.com/images/P/034545104X.01.MZZZZZZZ.jpg,http://images.amazon.com/images/P/034545104X.01.LZZZZZZZ.jpg
115435,034545104X,5,"cincinnati, ohio, usa",30.0,Flesh Tones: A Novel,M. J. Rose,2002,Ballantine Books,http://images.amazon.com/images/P/034545104X.01.THUMBZZZ.jpg,http://images.amazon.com/images/P/034545104X.01.MZZZZZZZ.jpg,http://images.amazon.com/images/P/034545104X.01.LZZZZZZZ.jpg
123981,034545104X,0,"phoenix, arizona, usa",46.0,Flesh Tones: A Novel,M. J. Rose,2002,Ballantine Books,http://images.amazon.com/images/P/034545104X.01.THUMBZZZ.jpg,http://images.amazon.com/images/P/034545104X.01.MZZZZZZZ.jpg,http://images.amazon.com/images/P/034545104X.01.LZZZZZZZ.jpg
128045,034545104X,7,"clearwater, florida, usa",41.0,Flesh Tones: A Novel,M. J. Rose,2002,Ballantine Books,http://images.amazon.com/images/P/034545104X.01.THUMBZZZ.jpg,http://images.amazon.com/images/P/034545104X.01.MZZZZZZZ.jpg,http://images.amazon.com/images/P/034545104X.01.LZZZZZZZ.jpg
128276,034545104X,5,"los angeles, ,",,Flesh Tones: A Novel,M. J. Rose,2002,Ballantine Books,http://images.amazon.com/images/P/034545104X.01.THUMBZZZ.jpg,http://images.amazon.com/images/P/034545104X.01.MZZZZZZZ.jpg,http://images.amazon.com/images/P/034545104X.01.LZZZZZZZ.jpg
129311,034545104X,7,"portland, oregon, usa",30.0,Flesh Tones: A Novel,M. J. Rose,2002,Ballantine Books,http://images.amazon.com/images/P/034545104X.01.THUMBZZZ.jpg,http://images.amazon.com/images/P/034545104X.01.MZZZZZZZ.jpg,http://images.amazon.com/images/P/034545104X.01.LZZZZZZZ.jpg
132081,034545104X,0,"cranston, rhode island, usa",35.0,Flesh Tones: A Novel,M. J. Rose,2002,Ballantine Books,http://images.amazon.com/images/P/034545104X.01.THUMBZZZ.jpg,http://images.amazon.com/images/P/034545104X.01.MZZZZZZZ.jpg,http://images.amazon.com/images/P/034545104X.01.LZZZZZZZ.jpg
133235,034545104X,0,"addison, texas, usa",33.0,Flesh Tones: A Novel,M. J. Rose,2002,Ballantine Books,http://images.amazon.com/images/P/034545104X.01.THUMBZZZ.jpg,http://images.amazon.com/images/P/034545104X.01.MZZZZZZZ.jpg,http://images.amazon.com/images/P/034545104X.01.LZZZZZZZ.jpg
135045,034545104X,0,"spring, texas, usa",29.0,Flesh Tones: A Novel,M. J. Rose,2002,Ballantine Books,http://images.amazon.com/images/P/034545104X.01.THUMBZZZ.jpg,http://images.amazon.com/images/P/034545104X.01.MZZZZZZZ.jpg,http://images.amazon.com/images/P/034545104X.01.LZZZZZZZ.jpg
138543,034545104X,0,"mesquite, texas, usa",21.0,Flesh Tones: A Novel,M. J. Rose,2002,Ballantine Books,http://images.amazon.com/images/P/034545104X.01.THUMBZZZ.jpg,http://images.amazon.com/images/P/034545104X.01.MZZZZZZZ.jpg,http://images.amazon.com/images/P/034545104X.01.LZZZZZZZ.jpg
144315,034545104X,0,"tempe, arizona, usa",,Flesh Tones: A Novel,M. J. Rose,2002,Ballantine Books,http://images.amazon.com/images/P/034545104X.01.THUMBZZZ.jpg,http://images.amazon.com/images/P/034545104X.01.MZZZZZZZ.jpg,http://images.amazon.com/images/P/034545104X.01.LZZZZZZZ.jpg
144486,034545104X,0,"jacksonville, florida, usa",38.0,Flesh Tones: A Novel,M. J. Rose,2002,Ballantine Books,http://images.amazon.com/images/P/034545104X.01.THUMBZZZ.jpg,http://images.amazon.com/images/P/034545104X.01.MZZZZZZZ.jpg,http://images.amazon.com/images/P/034545104X.01.LZZZZZZZ.jpg
145451,034545104X,0,"winter haven, florida, usa",63.0,Flesh Tones: A Novel,M. J. Rose,2002,Ballantine Books,http://images.amazon.com/images/P/034545104X.01.THUMBZZZ.jpg,http://images.amazon.com/images/P/034545104X.01.MZZZZZZZ.jpg,http://images.amazon.com/images/P/034545104X.01.LZZZZZZZ.jpg
147799,034545104X,0,"saint louis, missouri, usa",,Flesh Tones: A Novel,M. J. Rose,2002,Ballantine Books,http://images.amazon.com/images/P/034545104X.01.THUMBZZZ.jpg,http://images.amazon.com/images/P/034545104X.01.MZZZZZZZ.jpg,http://images.amazon.com/images/P/034545104X.01.LZZZZZZZ.jpg
158506,034545104X,0,"woodland hills, california, usa",52.0,Flesh Tones: A Novel,M. J. Rose,2002,Ballantine Books,http://images.amazon.com/images/P/034545104X.01.THUMBZZZ.jpg,http://images.amazon.com/images/P/034545104X.01.MZZZZZZZ.jpg,http://images.amazon.com/images/P/034545104X.01.LZZZZZZZ.jpg
163202,034545104X,0,"los angeles, california, usa",26.0,Flesh Tones: A Novel,M. J. Rose,2002,Ballantine Books,http://images.amazon.com/images/P/034545104X.01.THUMBZZZ.jpg,http://images.amazon.com/images/P/034545104X.01.MZZZZZZZ.jpg,http://images.amazon.com/images/P/034545104X.01.LZZZZZZZ.jpg
168816,034545104X,0,"santa clara, california, usa",35.0,Flesh Tones: A Novel,M. J. Rose,2002,Ballantine Books,http://images.amazon.com/images/P/034545104X.01.THUMBZZZ.jpg,http://images.amazon.com/images/P/034545104X.01.MZZZZZZZ.jpg,http://images.amazon.com/images/P/034545104X.01.LZZZZZZZ.jpg
171912,034545104X,5,"springfield, missouri, usa",,Flesh Tones: A Novel,M. J. Rose,2002,Ballantine Books,http://images.amazon.com/images/P/034545104X.01.THUMBZZZ.jpg,http://images.amazon.com/images/P/034545104X.01.MZZZZZZZ.jpg,http://images.amazon.com/images/P/034545104X.01.LZZZZZZZ.jpg
173743,034545104X,0,"gloucester, massachusetts, usa",35.0,Flesh Tones: A Novel,M. J. Rose,2002,Ballantine Books,http://images.amazon.com/images/P/034545104X.01.THUMBZZZ.jpg,http://images.amazon.com/images/P/034545104X.01.MZZZZZZZ.jpg,http://images.amazon.com/images/P/034545104X.01.LZZZZZZZ.jpg
174834,034545104X,0,"portland, oregon, usa",59.0,Flesh Tones: A Novel,M. J. Rose,2002,Ballantine Books,http://images.amazon.com/images/P/034545104X.01.THUMBZZZ.jpg,http://images.amazon.com/images/P/034545104X.01.MZZZZZZZ.jpg,http://images.amazon.com/images/P/034545104X.01.LZZZZZZZ.jpg
188513,034545104X,4,"brookfield, wisconsin, usa",44.0,Flesh Tones: A Novel,M. J. Rose,2002,Ballantine Books,http://images.amazon.com/images/P/034545104X.01.THUMBZZZ.jpg,http://images.amazon.com/images/P/034545104X.01.MZZZZZZZ.jpg,http://images.amazon.com/images/P/034545104X.01.LZZZZZZZ.jpg
195374,034545104X,0,"navarre, florida, usa",51.0,Flesh Tones: A Novel,M. J. Rose,2002,Ballantine Books,http://images.amazon.com/images/P/034545104X.01.THUMBZZZ.jpg,http://images.amazon.com/images/P/034545104X.01.MZZZZZZZ.jpg,http://images.amazon.com/images/P/034545104X.01.LZZZZZZZ.jpg
208019,034545104X,0,"tomball, texas, usa",,Flesh Tones: A Novel,M. J. Rose,2002,Ballantine Books,http://images.amazon.com/images/P/034545104X.01.THUMBZZZ.jpg,http://images.amazon.com/images/P/034545104X.01.MZZZZZZZ.jpg,http://images.amazon.com/images/P/034545104X.01.LZZZZZZZ.jpg
208406,034545104X,6,"kansas city, missouri, usa",30.0,Flesh Tones: A Novel,M. J. Rose,2002,Ballantine Books,http://images.amazon.com/images/P/034545104X.01.THUMBZZZ.jpg,http://images.amazon.com/images/P/034545104X.01.MZZZZZZZ.jpg,http://images.amazon.com/images/P/034545104X.01.LZZZZZZZ.jpg
210597,034545104X,9,"lake winnebago, missouri, usa",38.0,Flesh Tones: A Novel,M. J. Rose,2002,Ballantine Books,http://images.amazon.com/images/P/034545104X.01.THUMBZZZ.jpg,http://images.amazon.com/images/P/034545104X.01.MZZZZZZZ.jpg,http://images.amazon.com/images/P/034545104X.01.LZZZZZZZ.jpg
214011,034545104X,10,"new castle, new hampshire, usa",,Flesh Tones: A Novel,M. J. Rose,2002,Ballantine Books,http://images.amazon.com/images/P/034545104X.01.THUMBZZZ.jpg,http://images.amazon.com/images/P/034545104X.01.MZZZZZZZ.jpg,http://images.amazon.com/images/P/034545104X.01.LZZZZZZZ.jpg
220502,034545104X,3,"dedham, massachusetts, usa",,Flesh Tones: A Novel,M. J. Rose,2002,Ballantine Books,http://images.amazon.com/images/P/034545104X.01.THUMBZZZ.jpg,http://images.amazon.com/images/P/034545104X.01.MZZZZZZZ.jpg,http://images.amazon.com/images/P/034545104X.01.LZZZZZZZ.jpg
227106,034545104X,0,"st. peters, missouri, usa",30.0,Flesh Tones: A Novel,M. J. Rose,2002,Ballantine Books,http://images.amazon.com/images/P/034545104X.01.THUMBZZZ.jpg,http://images.amazon.com/images/P/034545104X.01.MZZZZZZZ.jpg,http://images.amazon.com/images/P/034545104X.01.LZZZZZZZ.jpg
227447,034545104X,0,"kelseyville, california, usa",38.0,Flesh Tones: A Novel,M. J. Rose,2002,Ballantine Books,http://images.amazon.com/images/P/034545104X.01.THUMBZZZ.jpg,http://images.amazon.com/images/P/034545104X.01.MZZZZZZZ.jpg,http://images.amazon.com/images/P/034545104X.01.LZZZZZZZ.jpg
227520,034545104X,0,"san jose, california, usa",33.0,Flesh Tones: A Novel,M. J. Rose,2002,Ballantine Books,http://images.amazon.com/images/P/034545104X.01.THUMBZZZ.jpg,http://images.amazon.com/images/P/034545104X.01.MZZZZZZZ.jpg,http://images.amazon.com/images/P/034545104X.01.LZZZZZZZ.jpg
227886,034545104X,3,"charlotte, north carolina, usa",1.0,Flesh Tones: A Novel,M. J. Rose,2002,Ballantine Books,http://images.amazon.com/images/P/034545104X.01.THUMBZZZ.jpg,http://images.amazon.com/images/P/034545104X.01.MZZZZZZZ.jpg,http://images.amazon.com/images/P/034545104X.01.LZZZZZZZ.jpg
240144,034545104X,3,"muskego, wisconsin, usa",34.0,Flesh Tones: A Novel,M. J. Rose,2002,Ballantine Books,http://images.amazon.com/images/P/034545104X.01.THUMBZZZ.jpg,http://images.amazon.com/images/P/034545104X.01.MZZZZZZZ.jpg,http://images.amazon.com/images/P/034545104X.01.LZZZZZZZ.jpg
243142,034545104X,9,"westerville, ohio, usa",51.0,Flesh Tones: A Novel,M. J. Rose,2002,Ballantine Books,http://images.amazon.com/images/P/034545104X.01.THUMBZZZ.jpg,http://images.amazon.com/images/P/034545104X.01.MZZZZZZZ.jpg,http://images.amazon.com/images/P/034545104X.01.LZZZZZZZ.jpg
244420,034545104X,8,"kenmore, ,",,Flesh Tones: A Novel,M. J. Rose,2002,Ballantine Books,http://images.amazon.com/images/P/034545104X.01.THUMBZZZ.jpg,http://images.amazon.com/images/P/034545104X.01.MZZZZZZZ.jpg,http://images.amazon.com/images/P/034545104X.01.LZZZZZZZ.jpg
255502,034545104X,6,"new albany, ohio, usa",,Flesh Tones: A Novel,M. J. Rose,2002,Ballantine Books,http://images.amazon.com/images/P/034545104X.01.THUMBZZZ.jpg,http://images.amazon.com/images/P/034545104X.01.MZZZZZZZ.jpg,http://images.amazon.com/images/P/034545104X.01.LZZZZZZZ.jpg
257492,034545104X,5,"san diego, ,",,Flesh Tones: A Novel,M. J. Rose,2002,Ballantine Books,http://images.amazon.com/images/P/034545104X.01.THUMBZZZ.jpg,http://images.amazon.com/images/P/034545104X.01.MZZZZZZZ.jpg,http://images.amazon.com/images/P/034545104X.01.LZZZZZZZ.jpg
260897,034545104X,3,"chicago, illinois, usa",25.0,Flesh Tones: A Novel,M. J. Rose,2002,Ballantine Books,http://images.amazon.com/images/P/034545104X.01.THUMBZZZ.jpg,http://images.amazon.com/images/P/034545104X.01.MZZZZZZZ.jpg,http://images.amazon.com/images/P/034545104X.01.LZZZZZZZ.jpg
263003,034545104X,7,"philadelphia, pennsylvania, usa",54.0,Flesh Tones: A Novel,M. J. Rose,2002,Ballantine Books,http://images.amazon.com/images/P/034545104X.01.THUMBZZZ.jpg,http://images.amazon.com/images/P/034545104X.01.MZZZZZZZ.jpg,http://images.amazon.com/images/P/034545104X.01.LZZZZZZZ.jpg
268191,034545104X,0,"lewes, delaware, usa",,Flesh Tones: A Novel,M. J. Rose,2002,Ballantine Books,http://images.amazon.com/images/P/034545104X.01.THUMBZZZ.jpg,http://images.amazon.com/images/P/034545104X.01.MZZZZZZZ.jpg,http://images.amazon.com/images/P/034545104X.01.LZZZZZZZ.jpg
271448,034545104X,0,"ona, west virginia, usa",27.0,Flesh Tones: A Novel,M. J. Rose,2002,Ballantine Books,http://images.amazon.com/images/P/034545104X.01.THUMBZZZ.jpg,http://images.amazon.com/images/P/034545104X.01.MZZZZZZZ.jpg,http://images.amazon.com/images/P/034545104X.01.LZZZZZZZ.jpg
274925,034545104X,7,"enfield, connecticut, usa",,Flesh Tones: A Novel,M. J. Rose,2002,Ballantine Books,http://images.amazon.com/images/P/034545104X.01.THUMBZZZ.jpg,http://images.amazon.com/images/P/034545104X.01.MZZZZZZZ.jpg,http://images.amazon.com/images/P/034545104X.01.LZZZZZZZ.jpg
276726,0155061224,5,"seattle, washington, usa",,Rites of Passage,Judith Rae,2001,Heinle,http://images.amazon.com/images/P/0155061224.01.THUMBZZZ.jpg,http://images.amazon.com/images/P/0155061224.01.MZZZZZZZ.jpg,http://images.amazon.com/images/P/0155061224.01.LZZZZZZZ.jpg
159181,0155061224,0,"seattle, washington, usa",28.0,Rites of Passage,Judith Rae,2001,Heinle,http://images.amazon.com/images/P/0155061224.01.THUMBZZZ.jpg,http://images.amazon.com/images/P/0155061224.01.MZZZZZZZ.jpg,http://images.amazon.com/images/P/0155061224.01.LZZZZZZZ.jpg
276727,0446520802,0,"h, new south wales, australia",16.0,The Notebook,Nicholas Sparks,1996,Warner Books,http://images.amazon.com/images/P/0446520802.01.THUMBZZZ.jpg,http://images.amazon.com/images/P/0446520802.01.MZZZZZZZ.jpg,http://images.amazon.com/images/P/0446520802.01.LZZZZZZZ.jpg
278418,0446520802,0,"omaha, nebraska, usa",,The Notebook,Nicholas Sparks,1996,Warner Books,http://images.amazon.com/images/P/0446520802.01.THUMBZZZ.jpg,http://images.amazon.com/images/P/0446520802.01.MZZZZZZZ.jpg,http://images.amazon.com/images/P/0446520802.01.LZZZZZZZ.jpg
638,0446520802,0,"san diego, california, usa",20.0,The Notebook,Nicholas Sparks,1996,Warner Books,http://images.amazon.com/images/P/0446520802.01.THUMBZZZ.jpg,http://images.amazon.com/images/P/0446520802.01.MZZZZZZZ.jpg,http://images.amazon.com/images/P/0446520802.01.LZZZZZZZ.jpg
3363,0446520802,0,"knoxville, tennessee, usa",29.0,The Notebook,Nicholas Sparks,1996,Warner Books,http://images.amazon.com/images/P/0446520802.01.THUMBZZZ.jpg,http://images.amazon.com/images/P/0446520802.01.MZZZZZZZ.jpg,http://images.amazon.com/images/P/0446520802.01.LZZZZZZZ.jpg
7158,0446520802,10,"omaha, nebraska, usa",30.0,The Notebook,Nicholas Sparks,1996,Warner Books,http://images.amazon.com/images/P/0446520802.01.THUMBZZZ.jpg,http://images.amazon.com/images/P/0446520802.01.MZZZZZZZ.jpg,http://images.amazon.com/images/P/0446520802.01.LZZZZZZZ.jpg
8253,0446520802,10,"tulsa, oklahoma, usa",26.0,The Notebook,Nicholas Sparks,1996,Warner Books,http://images.amazon.com/images/P/0446520802.01.THUMBZZZ.jpg,http://images.amazon.com/images/P/0446520802.01.MZZZZZZZ.jpg,http://images.amazon.com/images/P/0446520802.01.LZZZZZZZ.jpg
9939,0446520802,0,"moncks corner, south carolina, usa",17.0,The Notebook,Nicholas Sparks,1996,Warner Books,http://images.amazon.com/images/P/0446520802.01.THUMBZZZ.jpg,http://images.amazon.com/images/P/0446520802.01.MZZZZZZZ.jpg,http://images.amazon.com/images/P/0446520802.01.LZZZZZZZ.jpg
11676,0446520802,10,"n/a, n/a, n/a",,The Notebook,Nicholas Sparks,1996,Warner Books,http://images.amazon.com/images/P/0446520802.01.THUMBZZZ.jpg,http://images.amazon.com/images/P/0446520802.01.MZZZZZZZ.jpg,http://images.amazon.com/images/P/0446520802.01.LZZZZZZZ.jpg
12589,0446520802,9,"lincoln, nebraska, usa",,The Notebook,Nicholas Sparks,1996,Warner Books,http://images.amazon.com/images/P/0446520802.01.THUMBZZZ.jpg,http://images.amazon.com/images/P/0446520802.01.MZZZZZZZ.jpg,http://images.amazon.com/images/P/0446520802.01.LZZZZZZZ.jpg
13279,0446520802,10,"moodus, connecticut, usa",,The Notebook,Nicholas Sparks,1996,Warner Books,http://images.amazon.com/images/P/0446520802.01.THUMBZZZ.jpg,http://images.amazon.com/images/P/0446520802.01.MZZZZZZZ.jpg,http://images.amazon.com/images/P/0446520802.01.LZZZZZZZ.jpg
16046,0446520802,0,"silver springs, florida, usa",,The Notebook,Nicholas Sparks,1996,Warner Books,http://images.amazon.com/images/P/0446520802.01.THUMBZZZ.jpg,http://images.amazon.com/images/P/0446520802.01.MZZZZZZZ.jpg,http://images.amazon.com/images/P/0446520802.01.LZZZZZZZ.jpg
19371,0446520802,4,"royal oak, michigan, usa",52.0,The Notebook,Nicholas Sparks,1996,Warner Books,http://images.amazon.com/images/P/0446520802.01.THUMBZZZ.jpg,http://images.amazon.com/images/P/0446520802.01.MZZZZZZZ.jpg,http://images.amazon.com/images/P/0446520802.01.LZZZZZZZ.jpg
23768,0446520802,6,"st. louis, missouri, usa",45.0,The Notebook,Nicholas Sparks,1996,Warner Books,http://images.amazon.com/images/P/0446520802.01.THUMBZZZ.jpg,http://images.amazon.com/images/P/0446520802.01.MZZZZZZZ.jpg,http://images.amazon.com/images/P/0446520802.01.LZZZZZZZ.jpg
24878,0446520802,7,"ottawa, ontario, canada",,The Notebook,Nicholas Sparks,1996,Warner Books,http://images.amazon.com/images/P/0446520802.01.THUMBZZZ.jpg,http://images.amazon.com/images/P/0446520802.01.MZZZZZZZ.jpg,http://images.amazon.com/images/P/0446520802.01.LZZZZZZZ.jpg
26525,0446520802,10,"mountain view, california, usa",56.0,The Notebook,Nicholas Sparks,1996,Warner Books,http://images.amazon.com/images/P/0446520802.01.THUMBZZZ.jpg,http://images.amazon.com/images/P/0446520802.01.MZZZZZZZ.jpg,http://images.amazon.com/images/P/0446520802.01.LZZZZZZZ.jpg
27617,0446520802,9,"beaverton, ontario, canada",32.0,The Notebook,Nicholas Sparks,1996,Warner Books,http://images.amazon.com/images/P/0446520802.01.THUMBZZZ.jpg,http://images.amazon.com/images/P/0446520802.01.MZZZZZZZ.jpg,http://images.amazon.com/images/P/0446520802.01.LZZZZZZZ.jpg
28204,0446520802,0,"south ohio, nova scotia, canada",61.0,The Notebook,Nicholas Sparks,1996,Warner Books,http://images.amazon.com/images/P/0446520802.01.THUMBZZZ.jpg,http://images.amazon.com/images/P/0446520802.01.MZZZZZZZ.jpg,http://images.amazon.com/images/P/0446520802.01.LZZZZZZZ.jpg
29855,0446520802,0,"morris, connecticut, usa",53.0,The Notebook,Nicholas Sparks,1996,Warner Books,http://images.amazon.com/images/P/0446520802.01.THUMBZZZ.jpg,http://images.amazon.com/images/P/0446520802.01.MZZZZZZZ.jpg,http://images.amazon.com/images/P/0446520802.01.LZZZZZZZ.jpg
30261,0446520802,10,"manchester, missouri, usa",27.0,The Notebook,Nicholas Sparks,1996,Warner Books,http://images.amazon.com/images/P/0446520802.01.THUMBZZZ.jpg,http://images.amazon.com/images/P/0446520802.01.MZZZZZZZ.jpg,http://images.amazon.com/images/P/0446520802.01.LZZZZZZZ.jpg
30711,0446520802,6,"sydney, new south wales, australia",32.0,The Notebook,Nicholas Sparks,1996,Warner Books,http://images.amazon.com/images/P/0446520802.01.THUMBZZZ.jpg,http://images.amazon.com/images/P/0446520802.01.MZZZZZZZ.jpg,http://images.amazon.com/images/P/0446520802.01.LZZZZZZZ.jpg
32440,0446520802,0,"dunedin, otago, new zealand",,The Notebook,Nicholas Sparks,1996,Warner Books,http://images.amazon.com/images/P/0446520802.01.THUMBZZZ.jpg,http://images.amazon.com/images/P/0446520802.01.MZZZZZZZ.jpg,http://images.amazon.com/images/P/0446520802.01.LZZZZZZZ.jpg
33974,0446520802,0,"barnhart, missouri, usa",24.0,The Notebook,Nicholas Sparks,1996,Warner Books,http://images.amazon.com/images/P/0446520802.01.THUMBZZZ.jpg,http://images.amazon.com/images/P/0446520802.01.MZZZZZZZ.jpg,http://images.amazon.com/images/P/0446520802.01.LZZZZZZZ.jpg
35845,0446520802,5,"rochester, new hampshire, usa",,The Notebook,Nicholas Sparks,1996,Warner Books,http://images.amazon.com/images/P/0446520802.01.THUMBZZZ.jpg,http://images.amazon.com/images/P/0446520802.01.MZZZZZZZ.jpg,http://images.amazon.com/images/P/0446520802.01.LZZZZZZZ.jpg
37556,0446520802,0,"wilton, maine, usa",,The Notebook,Nicholas Sparks,1996,Warner Books,http://images.amazon.com/images/P/0446520802.01.THUMBZZZ.jpg,http://images.amazon.com/images/P/0446520802.01.MZZZZZZZ.jpg,http://images.amazon.com/images/P/0446520802.01.LZZZZZZZ.jpg
39396,0446520802,0,"bonn, nordrhein-westfalen, germany",20.0,The Notebook,Nicholas Sparks,1996,Warner Books,http://images.amazon.com/images/P/0446520802.01.THUMBZZZ.jpg,http://images.amazon.com/images/P/0446520802.01.MZZZZZZZ.jpg,http://images.amazon.com/images/P/0446520802.01.LZZZZZZZ.jpg
41237,0446520802,0,"london, london, united kingdom",30.0,The Notebook,Nicholas Sparks,1996,Warner Books,http://images.amazon.com/images/P/0446520802.01.THUMBZZZ.jpg,http://images.amazon.com/images/P/0446520802.01.MZZZZZZZ.jpg,http://images.amazon.com/images/P/0446520802.01.LZZZZZZZ.jpg
43146,0446520802,0,"buffalo, new york, usa",31.0,The Notebook,Nicholas Sparks,1996,Warner Books,http://images.amazon.com/images/P/0446520802.01.THUMBZZZ.jpg,http://images.amazon.com/images/P/0446520802.01.MZZZZZZZ.jpg,http://images.amazon.com/images/P/0446520802.01.LZZZZZZZ.jpg
44925,0446520802,0,"farnborough, england, united kingdom",33.0,The Notebook,Nicholas Sparks,1996,Warner Books,http://images.amazon.com/images/P/0446520802.01.THUMBZZZ.jpg,http://images.amazon.com/images/P/0446520802.01.MZZZZZZZ.jpg,http://images.amazon.com/images/P/0446520802.01.LZZZZZZZ.jpg
54823,0446520802,9,"manchester, maryland, usa",,The Notebook,Nicholas Sparks,1996,Warner Books,http://images.amazon.com/images/P/0446520802.01.THUMBZZZ.jpg,http://images.amazon.com/images/P/0446520802.01.MZZZZZZZ.jpg,http://images.amazon.com/images/P/0446520802.01.LZZZZZZZ.jpg
63507,0446520802,8,"lomita, california, usa",,The Notebook,Nicholas Sparks,1996,Warner Books,http://images.amazon.com/images/P/0446520802.01.THUMBZZZ.jpg,http://images.amazon.com/images/P/0446520802.01.MZZZZZZZ.jpg,http://images.amazon.com/images/P/0446520802.01.LZZZZZZZ.jpg
64544,0446520802,8,"forty fort, , usa",44.0,The Notebook,Nicholas Sparks,1996,Warner Books,http://images.amazon.com/images/P/0446520802.01.THUMBZZZ.jpg,http://images.amazon.com/images/P/0446520802.01.MZZZZZZZ.jpg,http://images.amazon.com/images/P/0446520802.01.LZZZZZZZ.jpg
64679,0446520802,6,"buffalo grove, illinois, usa",,The Notebook,Nicholas Sparks,1996,Warner Books,http://images.amazon.com/images/P/0446520802.01.THUMBZZZ.jpg,http://images.amazon.com/images/P/0446520802.01.MZZZZZZZ.jpg,http://images.amazon.com/images/P/0446520802.01.LZZZZZZZ.jpg
79977,0446520802,0,"chesapeake, virginia, usa",35.0,The Notebook,Nicholas Sparks,1996,Warner Books,http://images.amazon.com/images/P/0446520802.01.THUMBZZZ.jpg,http://images.amazon.com/images/P/0446520802.01.MZZZZZZZ.jpg,http://images.amazon.com/images/P/0446520802.01.LZZZZZZZ.jpg
85993,0446520802,10,"portland, oregon, usa",40.0,The Notebook,Nicholas Sparks,1996,Warner Books,http://images.amazon.com/images/P/0446520802.01.THUMBZZZ.jpg,http://images.amazon.com/images/P/0446520802.01.MZZZZZZZ.jpg,http://images.amazon.com/images/P/0446520802.01.LZZZZZZZ.jpg
91761,0446520802,6,"minneapolis, minnesota, usa",,The Notebook,Nicholas Sparks,1996,Warner Books,http://images.amazon.com/images/P/0446520802.01.THUMBZZZ.jpg,http://images.amazon.com/images/P/0446520802.01.MZZZZZZZ.jpg,http://images.amazon.com/images/P/0446520802.01.LZZZZZZZ.jpg
98153,0446520802,0,"portrush, northern ireland, united kingdom",,The Notebook,Nicholas Sparks,1996,Warner Books,http://images.amazon.com/images/P/0446520802.01.THUMBZZZ.jpg,http://images.amazon.com/images/P/0446520802.01.MZZZZZZZ.jpg,http://images.amazon.com/images/P/0446520802.01.LZZZZZZZ.jpg
99085,0446520802,10,"lincoln, nebraska, usa",,The Notebook,Nicholas Sparks,1996,Warner Books,http://images.amazon.com/images/P/0446520802.01.THUMBZZZ.jpg,http://images.amazon.com/images/P/0446520802.01.MZZZZZZZ.jpg,http://images.amazon.com/images/P/0446520802.01.LZZZZZZZ.jpg
99720,0446520802,9,"dahlonega, georgia, usa",,The Notebook,Nicholas Sparks,1996,Warner Books,http://images.amazon.com/images/P/0446520802.01.THUMBZZZ.jpg,http://images.amazon.com/images/P/0446520802.01.MZZZZZZZ.jpg,http://images.amazon.com/images/P/0446520802.01.LZZZZZZZ.jpg
